{
  "project_info": {
    "project_number": "561554236225",
    "project_id": "fir-daraprocess",
    "storage_bucket": "fir-daraprocess.appspot.com"
  },
  "client": [
    {
      "client_info": {
        "mobilesdk_app_id": "1:561554236225:android:4dcb89fe6cdd3de4fef7c0",
        "android_client_info": {
          "package_name": "com.example.firebasedaraprocess"
        }
      },
      "oauth_client": [
        {
          "client_id": "561554236225-ov5ktbkjgd3t3q5evl7nu26rd244knc2.apps.googleusercontent.com",
          "client_type": 1,
          "android_info": {
            "package_name": "com.example.firebasedaraprocess",
            "certificate_hash": "6c75288ba37db27bb3a7e19bfc95fea558b5b20c"
          }
        },
        {
          "client_id": "561554236225-qumm84meskhi01dtud0holjplv47942s.apps.googleusercontent.com",
          "client_type": 3
        }
      ],
      "api_key": [
        {
          "current_key": "AIzaSyCV8cpyqDtAM_OWWnTLX9mU7XPRHJzps30"
        }
      ],
      "services": {
        "appinvite_service": {
          "other_platform_oauth_client": [
            {
              "client_id": "561554236225-qumm84meskhi01dtud0holjplv47942s.apps.googleusercontent.com",
              "client_type": 3
            }
          ]
        }
      }
    }
  ],
  "configuration_version": "1"
}