{
  "project_info": {
    "project_number": "704074419335",
    "project_id": "login-2061c",
    "storage_bucket": "login-2061c.appspot.com"
  },
  "client": [
    {
      "client_info": {
        "mobilesdk_app_id": "1:704074419335:android:3083e586af0492ca2dbc22",
        "android_client_info": {
          "package_name": "com.example.googlelogin"
        }
      },
      "oauth_client": [
        {
          "client_id": "704074419335-k4att37b5fctotf23mfpf8cfpm9psv0g.apps.googleusercontent.com",
          "client_type": 1,
          "android_info": {
            "package_name": "com.example.googlelogin",
            "certificate_hash": "6c75288ba37db27bb3a7e19bfc95fea558b5b20c"
          }
        },
        {
          "client_id": "704074419335-qab82lrmg7hijr6rhcb7b1vvt6tusirc.apps.googleusercontent.com",
          "client_type": 3
        }
      ],
      "api_key": [
        {
          "current_key": "AIzaSyBn43szmrKiWrEnF3o71n21BJfUxxU5Q44"
        }
      ],
      "services": {
        "appinvite_service": {
          "other_platform_oauth_client": [
            {
              "client_id": "704074419335-qab82lrmg7hijr6rhcb7b1vvt6tusirc.apps.googleusercontent.com",
              "client_type": 3
            }
          ]
        }
      }
    }
  ],
  "configuration_version": "1"
}