{
  "project_info": {
    "project_number": "147181522197",
    "project_id": "fir-demo-e8a4f",
    "storage_bucket": "fir-demo-e8a4f.appspot.com"
  },
  "client": [
    {
      "client_info": {
        "mobilesdk_app_id": "1:147181522197:android:14b86254bb88f4306ead1c",
        "android_client_info": {
          "package_name": "com.example.firebasedemo"
        }
      },
      "oauth_client": [
        {
          "client_id": "147181522197-odo6v47mfvmqth260dr3ru61pfpiq9bv.apps.googleusercontent.com",
          "client_type": 3
        }
      ],
      "api_key": [
        {
          "current_key": "AIzaSyANLwQGqhLeojZBKYUXpdzvWSktHH-x6Q4"
        }
      ],
      "services": {
        "appinvite_service": {
          "other_platform_oauth_client": [
            {
              "client_id": "147181522197-odo6v47mfvmqth260dr3ru61pfpiq9bv.apps.googleusercontent.com",
              "client_type": 3
            }
          ]
        }
      }
    }
  ],
  "configuration_version": "1"
}